群成员,群名片,QQ号,性别,Q龄,入群时间,最后发言时间
万焰,,278017521,男,14年,2020/11/19,2020/11/19
全略支付-CoCo,,972751111,女,2年,2020/11/20,2021/01/28
半染,,276128030,男,16年,2020/11/20,2020/12/30
阿飞,,16225276,男,20年,2020/11/23,2020/11/23
游子管理,,569872228,未知,14年,2020/11/24,2021/01/18
重温经典,,89021521,男,16年,2020/11/26,2020/11/26
SVS,,2862018777,男,9年,2020/12/02,2021/05/04
闻鸣,,342966666,男,14年,2020/12/03,2020/12/03
缘分天空,,2646668340,女,8年,2020/12/03,2020/12/03
a速安云IDC琪琪-微端,,1579555282,女,10年,2020/12/03,2021/07/29
   God,,61797537,男,15年,2020/12/03,2020/12/03
单曲循环,,271165501,男,17年,2020/12/03,2020/12/03
大吉大利,,9441235,女,21年,2020/12/03,2020/12/03
Sunshine,,2057135421,男,7年,2020/12/04,2021/08/26
life,,247060197,未知,18年,2020/12/04,2020/12/04
安子,,531226,未知,19年,2020/12/04,2021/06/21
名✅已认证💯,,515620650,男,15年,2020/12/04,2020/12/04
#Break,,123499993,未知,16年,2020/12/04,2021/06/20
□△○×,,281785496,男,17年,2020/12/04,2020/12/04
末日,,1518579279,男,9年,2020/12/04,2020/12/05
A健哥------------------❶,,357250999,男,17年,2020/12/04,2020/12/04
what？,,9968438,未知,21年,2020/12/05,2021/01/06
专业 ✅已认证,,491833462,未知,16年,2020/12/05,2020/12/05
秋天。,,149709107,男,18年,2020/12/06,2020/12/06
黑不溜秋。,,923661197,男,12年,2020/12/06,2020/12/06
-,,286502220,男,17年,2020/12/06,2021/07/24
咪咪同学,,549630498,未知,15年,2020/12/07,2021/04/06
巟繆哋承喏,,940825055,男,12年,2020/12/07,2021/08/10
炎龍,,249044640,男,17年,2020/12/07,2020/12/07
.,,408353734,男,16年,2020/12/07,2020/12/07
赶集迷失单职业,,232303,男,19年,2020/12/07,2021/07/01
阿森,,100094275,男,11年,2020/12/07,2020/12/07
先森,,275175028,男,17年,2020/12/07,2020/12/07
超人,,6861933,男,20年,2020/12/08,2020/12/08
Qinyan,,8132825,未知,20年,2020/12/08,2020/12/08
强哥✅,,56000700,男,20年,2020/12/08,2020/12/08
如意网络,,971609678,男,13年,2020/12/08,2020/12/08
有事直接说 无比例,,1678326919,男,4年,2020/12/08,2020/12/08
不要问在不在有事直接说,,7390971,未知,20年,2020/12/08,2021/07/27
人生苦短,,306429188,男,17年,2020/12/08,2020/12/08
叔叔,,124183632,男,16年,2020/12/09,2021/08/20
✅ 无名(己认证)💯,,435290,女,21年,2020/12/09,2021/04/06
Culaccino,,972993320,男,13年,2020/12/09,2020/12/09
一个从的情缘,,226053,男,21年,2020/12/09,2020/12/09
L.A.Lo,,76118678,男,16年,2020/12/09,2020/12/09
 本Q已停用,,735181412,男,13年,2020/12/10,2021/05/29
Vimal,,2323330951,未知,8年,2020/12/10,2020/12/10
永不言弃,,583431551,男,15年,2020/12/13,2020/12/13
执念,,88974936,未知,19年,2020/12/14,2021/08/10
野猪佩奇◦,,35683602,未知,20年,2020/12/15,2020/12/15
秋天,,5628236,男,20年,2020/12/17,2021/01/24
菩提,,409286272,未知,16年,2020/12/18,2021/07/30
君莫悔,,896280303,男,13年,2020/12/22,2021/05/30
烟花易冷,,1015797787,男,13年,2020/12/23,2020/12/23
God奈,,52277004,男,20年,2020/12/24,2021/06/09
゛无理丶,,601275991,男,14年,2020/12/26,2021/01/20
南柯一梦,,496892314,男,15年,2020/12/26,2020/12/26
青城        ❶,,1309995055,男,11年,2020/12/27,2020/12/27
梦幻,,901471,男,21年,2020/12/27,2021/07/23
玖万神,,15800558,男,21年,2020/12/27,2020/12/27
     aaaAA,,350505184,男,16年,2020/12/30,2020/12/30
闲游,,50612325,男,20年,2021/01/02,2021/07/30
小鹏,,689642,男,21年,2021/01/02,2021/07/25
怀恋沉默,,3391948518,女,4年,2021/01/02,2021/01/02
执念！,,420051188,男,12年,2021/01/02,2021/05/31
野生积木❶,,204005346,男,7年,2021/01/03,2021/01/03
寂寞的石头,,178066151,未知,19年,2021/01/04,2021/01/04
游戏管理,,1904806333,男,10年,2021/01/05,2021/01/05
 坐怀不乱、,,734103,男,14年,2021/01/05,2021/01/05
岁月你好,,767826869,男,14年,2021/01/05,2021/08/01
把那个馒头拾起来,,540199758,男,16年,2021/01/06,2021/06/09
平乄凡,,120587467,未知,14年,2021/01/06,2021/01/06
aaa爱你-传奇在线技术,,867728548,未知,13年,2021/01/06,2021/01/06
__Onlyヽ 诺熙,40核64G/1T固态/100,840906524,女,14年,2021/01/06,2021/08/26
传奇私服一条龙,,308514198,男,17年,2021/01/06,2021/01/06
不管事,,84267871,男,18年,2021/01/07,2021/01/07
 a版本假人制作-收徒-殇情,,312687261,男,17年,2021/01/08,2021/08/27
　　 ,,1159278618,女,12年,2021/01/09,2021/07/25
刘sir,,756223839,男,13年,2021/01/10,2021/07/16
有事直说,,531386811,男,14年,2021/01/11,2021/07/12
阿伟,[快手搜传奇阿,812070088,未知,8年,2021/01/12,2021/08/16
大脑袋,,545241253,男,14年,2021/01/13,2021/08/12
　　　　　　　　　　　　,,516430877,男,16年,2021/01/13,2021/01/13
陈子辉丶,,991305807,男,12年,2021/01/13,2021/01/13
Chen゛°,,822131421,未知,13年,2021/01/15,2021/01/15
『古巷迷城』,,175308037,未知,19年,2021/01/16,2021/03/04
簡簡丶單單,,397968519,男,15年,2021/01/17,2021/05/27
Ｙ先生,,258295115,男,17年,2021/01/19,2021/01/31
老三,,544170795,男,16年,2021/01/20,2021/01/20
明月清风,,2315494355,男,9年,2021/01/20,2021/02/18
524476875,,524476875,未知,15年,2021/01/20,2021/01/20
充值+yidao176,,544298716,男,16年,2021/01/20,2021/03/26
拉风,,57330613,男,20年,2021/01/21,2021/04/24
一个传奇技术,,382123654,男,14年,2021/01/21,2021/01/21
Mr.Lee,,1055506789,男,12年,2021/01/21,2021/01/21
非内服，无比例，公平第一,,1229897904,女,11年,2021/01/22,2021/01/22
名门世家,,896634,未知,15年,2021/01/22,2021/04/12
-.-!,,314755451,男,17年,2021/01/23,2021/03/05
联达网络,,1677062208,男,8年,2021/01/24,2021/01/24
白天不懂夜的黑,,130700225,未知,12年,2021/01/24,2021/02/01
技术支持,,430536416,未知,1年,2021/01/25,2021/01/25
半面情绪,,13419702,未知,21年,2021/01/27,2021/01/27
天美,,3115744482,女,3年,2021/01/29,2021/04/20
蘑菇,,453920986,未知,16年,2021/02/01,2021/02/01
悠悠,,67541403,男,20年,2021/02/01,2021/04/23
将心比心。,,85785514,男,16年,2021/02/01,2021/02/01
沉默的影子,,251767705,男,17年,2021/02/01,2021/02/27
潘,,16160505,男,19年,2021/02/03,2021/02/03
淡笑😊,,11187765,男,21年,2021/02/05,2021/02/07
九幽,,12351174,男,19年,2021/02/06,2021/02/06
森林技术-艾瑞克,艾瑞瑞瑞瑞瑞克,2565111314,男,1年,2021/02/07,2021/05/11
持之以恒,,2163289961,未知,4年,2021/02/07,2021/02/07
秋秋,,1687159968,未知,10年,2021/02/08,2021/02/08
   a辰州网络,,373098775,未知,14年,2021/02/11,2021/02/11
阿宾,,83298263,男,19年,2021/02/12,2021/02/12
້໌威,,79574492,男,20年,2021/02/12,2021/07/09
轻扬,,316099199,未知,14年,2021/02/12,2021/02/12
养燕子专业户,,174395369,男,19年,2021/02/16,2021/07/25
風雨同盟·中国加油,,3163434532,未知,0年,2021/02/16,2021/02/16
a德迅云安全-文琪,,3007500451,男,2年,2021/02/17,2021/08/28
野狼传奇,,1010972,男,17年,2021/02/18,2021/02/18
往事随风,,2670955,男,21年,2021/02/18,2021/08/10
青蛙,,100383450,未知,10年,2021/02/22,2021/02/22
天道酬勤（传奇技术）,,44963789,男,20年,2021/02/23,2021/08/27
　,,7145148,男,21年,2021/02/24,2021/02/24
年华,,345845922,男,17年,2021/02/24,2021/02/24
-,,466647875,男,15年,2021/02/24,2021/06/02
褪sεの老照片,,85571551,未知,16年,2021/02/25,2021/08/21
生 活 复 杂,,526388016,未知,15年,2021/02/26,2021/04/11
-,,709617,男,14年,2021/02/26,2021/06/22
⑴心メ挚暧,,287626715,男,17年,2021/02/27,2021/02/27
19,,406607297,未知,16年,2021/02/27,2021/05/22
糟老头子,,100888900,未知,18年,2021/02/27,2021/06/18
穷矮丑挫的苦X✅已认证,,270563644,男,17年,2021/02/28,2021/06/19
擎天,,1640805989,男,10年,2021/03/03,2021/03/03
零星工作室,,1718776697,男,8年,2021/03/04,2021/08/18
游戏,,310607864,男,10年,2021/03/04,2021/03/04
粉墨人生,,1728512087,男,8年,2021/03/06,2021/03/06
Long,,102273180,男,18年,2021/03/08,2021/08/20
silence,,1241238,男,15年,2021/03/08,2021/03/08
深黑色,,86489706,男,20年,2021/03/09,2021/05/17
狂风001,,7919865,未知,20年,2021/03/09,2021/03/09
一剑破苍穹,,44756378,男,20年,2021/03/11,2021/03/11
+.奮鬥ヽ,,331902008,未知,16年,2021/03/12,2021/04/08
Beytagh☜贝塔,,874639482,男,12年,2021/03/12,2021/03/12
峰峰峰,,88979909,男,16年,2021/03/13,2021/03/13
1,,410797064,未知,17年,2021/03/15,2021/08/26
逍遥,,806275551,未知,11年,2021/03/16,2021/03/16
辉煌,,490822329,未知,16年,2021/03/17,2021/06/26
阿当,,5978399,男,21年,2021/03/18,2021/03/18
为人民服务,,3487758,男,20年,2021/03/18,2021/03/18
解决一切游戏问题,,3250617577,男,5年,2021/03/18,2021/03/18
无情哈拉少,,1052188353,未知,2年,2021/03/20,2021/03/20
@昨天,,3028718284,男,7年,2021/03/21,2021/03/21
马玉,,81770254,未知,16年,2021/03/21,2021/03/21
理想-AUG,,38631200,未知,20年,2021/03/21,2021/07/24
小小七,,467578684,未知,3年,2021/03/22,2021/03/22
苍穹,,176170120,男,19年,2021/03/25,2021/04/20
千里登风,,100002340,男,15年,2021/03/27,2021/05/27
以梦为马,,744674462,男,12年,2021/03/28,2021/03/28
霸主店小二,,671031636,男,15年,2021/03/28,2021/03/28
唯  美,,253574051,未知,17年,2021/03/30,2021/03/30
@大大大菠萝,,718077600,男,10年,2021/03/30,2021/03/30
彼岸,,499197833,男,13年,2021/04/03,2021/07/11
美肤花屋,,371608002,女,16年,2021/04/04,2021/07/12
笑傲江湖,,780660366,男,10年,2021/04/05,2021/04/05
T,,157076516,男,12年,2021/04/07,2021/04/07
清幽,,957463762,男,12年,2021/04/09,2021/04/09
贱货一箩筐,,2548974066,未知,3年,2021/04/10,2021/04/10
冰城,,1976489227,男,10年,2021/04/12,2021/04/12
是你不懂,,623434564,女,11年,2021/04/12,2021/04/22
昊网络,,357675852,男,16年,2021/04/12,2021/04/12
魂,,2579609155,男,9年,2021/04/13,2021/04/13
✔✔,,113128246,男,19年,2021/04/17,2021/07/20
撒旦先生,,519823259,男,13年,2021/04/20,2021/05/15
𝙎𝙪𝙥𝙧𝙚𝙢𝙚❀,收二手审判封挂,475563177,未知,12年,2021/04/20,2021/04/20
财运亨通,,506835248,未知,12年,2021/04/20,2021/06/28
我是传奇,,50445245,男,20年,2021/04/20,2021/05/04
風清扬,,2241868,男,21年,2021/04/21,2021/04/21
忧伤的太阳,,371500481,未知,17年,2021/04/22,2021/04/22
扑朔迷离,,377177567,男,14年,2021/04/22,2021/05/11
宝贝兮兮,,16702014,女,4年,2021/04/23,2021/04/23
--嘟王,,578715282,男,14年,2021/04/24,2021/04/24
千年互娱,,3370178411,未知,5年,2021/04/24,2021/06/22
✔   朱大胖💜  ,,286186971,未知,16年,2021/04/24,2021/04/24
大象,,14827837,男,2年,2021/04/24,2021/05/09
大蛤蟆,,6003923,男,21年,2021/04/25,2021/04/25
情深,,279532948,未知,17年,2021/04/25,2021/04/25
夕阳,,454679,未知,14年,2021/04/26,2021/04/26
混沌纪元丶,,285829294,男,17年,2021/04/26,2021/04/26
金众值班客服,,8037505,女,21年,2021/04/26,2021/07/19
我依然是你的情人,,2979160409,男,7年,2021/04/26,2021/04/26
ZZZ,,506434483,男,15年,2021/04/26,2021/05/09
胖嘟嘟,货款卖媳妇开传,659841154,男,14年,2021/04/26,2021/08/18
一叶知秋,,54527627,男,20年,2021/04/27,2021/04/27
上班9.30-23.30,,1340560536,女,10年,2021/04/27,2021/05/30
游戏内左侧有攻略,,195317260,未知,18年,2021/04/27,2021/04/27
且醉,,3126058983,女,2年,2021/04/28,2021/04/28
づ°阳光的晴天○,,271517551,男,16年,2021/04/28,2021/04/28
balabala,,497520,未知,14年,2021/04/28,2021/05/26
疯哥,,364549159,未知,17年,2021/04/28,2021/04/28
资深传奇爱好者,,978782060,男,13年,2021/04/28,2021/04/28
马锦逸,,67046438,男,20年,2021/04/28,2021/04/28
情怀,,2795419429,男,4年,2021/04/29,2021/06/06
随心所欲,,2216931045,女,2年,2021/04/29,2021/04/29
劇終灬.? ,,354833778,男,14年,2021/04/29,2021/04/29
666,,805067925,未知,12年,2021/04/30,2021/04/30
‭‪,,733566,未知,18年,2021/05/01,2021/05/01
uc,,380807022,男,17年,2021/05/03,2021/05/12
空白丶,,272567845,男,12年,2021/05/04,2021/08/19
1018,,554019969,男,15年,2021/05/04,2021/08/21
爱笑的女孩，运气不会太差,,2705165339,女,2年,2021/05/04,2021/05/04
╯轻影映红窗,,1779393670,女,2年,2021/05/04,2021/05/04
︷淡莣①苆ヤ,,262413,男,18年,2021/05/05,2021/05/05
小海,,53783027,男,19年,2021/05/06,2021/05/06
一江春梦,,1701692894,女,2年,2021/05/06,2021/05/06
沧桑为饮,,1794233566,女,2年,2021/05/06,2021/05/06
w,,343338185,男,17年,2021/05/07,2021/05/07
大白,,1050431339,男,12年,2021/05/07,2021/05/07
小哥,,312659478,男,17年,2021/05/09,2021/08/26
霓裳挽歌倾城醉,,1989034335,女,2年,2021/05/10,2021/05/10
试着放弃丶,,785677223,女,14年,2021/05/11,2021/05/11
战魂,,1095265951,男,12年,2021/05/11,2021/05/11
永恒,,997127608,男,11年,2021/05/12,2021/05/12
爱的辛酸,,1707677873,女,2年,2021/05/12,2021/05/12
泽、,,745830234,男,11年,2021/05/12,2021/05/12
煮诗,,1930603329,女,2年,2021/05/12,2021/05/12
醉、醉、醉,,3419520,男,16年,2021/05/12,2021/05/12
甜瓜,,2803150503,男,7年,2021/05/13,2021/05/13
理想,,78710820,未知,16年,2021/05/13,2021/05/13
X先森,,634024,男,19年,2021/05/14,2021/05/14
安寄瑶,,2460705637,女,9年,2021/05/15,2021/05/15
闲走天涯看白首,,1702491440,女,2年,2021/05/15,2021/05/15
007,,364905162,未知,17年,2021/05/15,2021/05/15
k,,649933389,男,14年,2021/05/15,2021/05/15
随风,,124680761,男,16年,2021/05/15,2021/05/15
a'ゞ金雕哥/认准Q避免被骗,a'ゞ登录器报毒,303573920,女,17年,2021/05/15,2021/08/26
星月烂漫,,1707968772,女,2年,2021/05/17,2021/05/17
爱钱如命,,2705521247,女,2年,2021/05/17,2021/05/17
误尽苍生,,2250270549,女,2年,2021/05/18,2021/05/18
奔波儿灞,,3496778383,男,4年,2021/05/20,2021/05/20
该我崛起了、,,815297694,男,14年,2021/05/20,2021/05/20
有志不在年糕,,3428612189,女,2年,2021/05/20,2021/05/20
Large carved ,,1708180194,女,2年,2021/05/22,2021/05/22
浮生若梦,,3766135,男,20年,2021/05/23,2021/06/08
i can't do to give up yo,,196109694,男,17年,2021/05/24,2021/05/25
尘墨,,2680849792,女,2年,2021/05/24,2021/05/24
我自泪潸然,,2394649541,女,2年,2021/05/24,2021/05/24
脱离囧轨道,,282076387,未知,17年,2021/05/25,2021/05/25
.潇湘夜雨,,27339602,未知,20年,2021/05/25,2021/05/25
沉默是金,,530540325,男,15年,2021/05/26,2021/07/19
昌喆,,515397539,男,14年,2021/05/26,2021/08/13
STrong,,970626669,男,13年,2021/05/27,2021/05/30
吃豆先生,,2314844464,男,6年,2021/05/29,2021/05/29
Tryant,,3062150243,未知,6年,2021/05/29,2021/06/30
仙剑传说,,906965325,男,12年,2021/05/30,2021/05/30
经典传奇,,2154089063,未知,1年,2021/05/30,2021/08/26
七六开区助手希希,,676598996,女,15年,2021/05/31,2021/08/23
开心就好,,272222743,男,17年,2021/05/31,2021/05/31
琴岛微端托管✅认证,琴岛微端托管,88392637,男,16年,2021/05/31,2021/07/27
李白,,2710234064,女,6年,2021/05/31,2021/05/31
IDC-泰山,,190201008,男,14年,2021/05/31,2021/07/09
木子,,81186088,男,20年,2021/05/31,2021/05/31
子轩小哥哥,,329349779,男,17年,2021/05/31,2021/05/31
、開始沉默,,1282828197,男,4年,2021/06/01,2021/06/01
GOM技术支持,,8628325,未知,20年,2021/06/01,2021/07/17
恐懼支配著心,,736855912,男,14年,2021/06/01,2021/08/05
建群不管事,,653436905,女,1年,2021/06/01,2021/06/01
-,,122122315,未知,4年,2021/06/03,2021/06/03
传奇三哥,,2214040123,男,10年,2021/06/03,2021/06/03
地球再转,,987457451,男,13年,2021/06/03,2021/06/03
李xm。,,84878710,未知,20年,2021/06/03,2021/06/10
大王,,373391911,男,11年,2021/06/03,2021/06/03
Kiiiiiiio,,277465596,未知,17年,2021/06/04,2021/06/04
[乏味]-励志前行,,83416801,未知,16年,2021/06/04,2021/06/04
迎刃,,405614040,男,15年,2021/06/05,2021/06/05
想白嫖私聊,,561771450,男,15年,2021/06/06,2021/06/06
Only,,4369558,男,20年,2021/06/07,2021/07/06
   想做你的礼物,,1707864507,女,2年,2021/06/07,2021/06/07
手握风沙,,3267260462,女,2年,2021/06/09,2021/06/09
心比天高,,609049886,男,14年,2021/06/09,2021/06/13
々静流々小楼,,283922304,男,17年,2021/06/11,2021/06/11
经得起、诱惑,,476259239,男,10年,2021/06/11,2021/06/18
❽Ｓ客户//天子,,49354441,男,20年,2021/06/12,2021/08/22
一笑泯恩仇,,1311388743,男,11年,2021/06/12,2021/06/26
000,,13863070,男,20年,2021/06/13,2021/06/27
阿干,,573011111,未知,14年,2021/06/14,2021/06/14
💻九逸💯已认证✅,,986666176,未知,6年,2021/06/16,2021/06/16
☞晖晖☜,,200760191,男,11年,2021/06/17,2021/08/21
 疯子,,200807600,男,13年,2021/06/17,2021/06/17
土豆,,2116858199,未知,6年,2021/06/17,2021/06/17
请联系其他客服,长期收二手审判,848385556,女,4年,2021/06/20,2021/08/18
luck one,,56042622,男,19年,2021/06/22,2021/06/22
Ｙａｎ╮小墨,出半岛天数-8月3,147634537,男,19年,2021/06/23,2021/08/20
AAAA,,211900950,男,6年,2021/06/23,2021/06/23
隐若风尘,,9635673,男,20年,2021/06/24,2021/06/24
Zlatan,,357986623,男,17年,2021/06/28,2021/06/28
阿瑟,,78975855,未知,20年,2021/06/29,2021/06/29
铂盾科技,,764203,未知,19年,2021/07/01,2021/07/01
　　　　　　　　　末2、,,1519006287,女,9年,2021/07/02,2021/07/30
跌跌撞撞我们一起走*°,,1634393,男,21年,2021/07/04,2021/07/04
青春舞步,,601924303,男,14年,2021/07/04,2021/07/04
/yx,,318714637,男,16年,2021/07/05,2021/07/16
渐行渐远渐无书,,148257063,男,18年,2021/07/05,2021/07/05
♀、恋沵~↘,,307763247,男,14年,2021/07/05,2021/07/05
123,,474898204,男,16年,2021/07/05,2021/07/05
噢噢噢,,2052756018,未知,0年,2021/07/06,2021/07/14
小南,,188404656,男,15年,2021/07/08,2021/07/27
老牛马,,411347440,男,16年,2021/07/09,2021/08/16
温度计,,631502238,未知,15年,2021/07/09,2021/07/09
唯一,,563235123,男,14年,2021/07/09,2021/07/27
刚好五个字,,1978167886,男,6年,2021/07/09,2021/07/09
醉饮黄龙,,276688886,未知,2年,2021/07/12,2021/07/14
批发大闸蟹,,2783957441,未知,9年,2021/07/12,2021/07/12
风,,2428386219,男,9年,2021/07/12,2021/07/30
正在输入,,383641073,未知,17年,2021/07/15,2021/07/15
貓貓不吃魚,,23522785,未知,19年,2021/07/15,2021/07/15
焱炎网络,,249328851,男,17年,2021/07/16,2021/07/16
赵书记,,278534439,男,17年,2021/07/16,2021/07/16
我是一只鱼,,709242430,男,14年,2021/07/18,2021/07/18
回忆经典       　　　❶  ,,171438342,男,19年,2021/07/19,2021/07/19
小强,,511525157,未知,15年,2021/07/19,2021/07/19
大B哥,,1207761,未知,0年,2021/07/24,2021/07/26
ㅤ,,724588248,男,13年,2021/07/25,2021/08/23
枫辰醉,,330456888,男,13年,2021/07/26,2021/08/01
教ོ皇ꦿ℘゜,,2116862283,未知,7年,2021/07/29,2021/07/29
administrator-Max工作室,,996419342,男,11年,2021/07/31,2021/08/20
YYY,,1874395882,男,4年,2021/08/01,2021/08/01
晓晓不得,,2708856806,未知,8年,2021/08/02,2021/08/02
 ⠀ ⠀ ⠀ ⠀ ⠀ ⠀ ⠀ ⠀ ⠀,,29832538,男,17年,2021/08/02,2021/08/18
O(∩_∩)O哈哈~,,307965452,男,16年,2021/08/04,2021/08/04
风里雨里,,366188664,男,16年,2021/08/05,2021/08/16
无极,,276749217,男,17年,2021/08/10,2021/08/23
不必在乎我是谁,,377524562,男,17年,2021/08/10,2021/08/10
渔村暮火,,3404447324,男,5年,2021/08/12,2021/08/12
不在寂寞,,414950774,男,7年,2021/08/14,2021/08/14
ZHANGHUA（有事弹窗）,,381573297,男,16年,2021/08/14,2021/08/14
小雨,,7627991,男,21年,2021/08/16,2021/08/16
 A传奇-小刘,a支付平台-送开,84422332,男,20年,2021/08/17,2021/08/26
夕夕,,371866327,男,16年,2021/08/18,2021/08/18
客官贱笑了,,165622232,男,19年,2021/08/18,2021/08/18
任,,984948651,男,10年,2021/08/20,2021/08/20
醒着做梦,,932873244,未知,13年,2021/08/20,2021/08/21
forknew,,69498281,女,19年,2021/08/20,2021/08/26
传奇小跟班,,2581055985,男,0年,2021/08/21,2021/08/21
⌚️高仿奢侈品👜,,287983255,未知,16年,2021/08/21,2021/08/21
小萝莉うあお,,108641269,未知,0年,2021/08/22,2021/08/23
像小强一样活着,,858520214,男,13年,2021/08/23,2021/08/23
a甜心服务器/微端位置/域名,,448633839,女,15年,2021/08/24,2021/08/24
花缘雨步,,138013681,未知,10年,2021/08/24,2021/08/24
畅想金先生,,380637728,男,15年,2021/08/25,2021/08/25
疯狂的笨蛋,,602883910,未知,12年,2021/08/26,2021/08/26
大米,,158359007,男,18年,2021/08/27,2021/08/27
Chris,,838311583,男,14年,2021/08/28,2021/08/28
